timestamp,can_direction,can_power_w,can_soc_percent,ocpp_reported_direction,ocpp_reported_power_w,ids_decision,label,protocol
1763122460.3276632,Import,11000,77,Import,11000,Tutarlı (Normal),normal,1.6
1763122462.3289669,Import,11000,78,Export,10000,ANOMALİ (Import/Export Çakışması - 1.6 Tespiti),anomaly,1.6
1763122464.340347,Import,11000,79,Export,10000,ANOMALİ (Import/Export Çakışması - 1.6 Tespiti),anomaly,1.6
1763122466.3352423,Import,11000,80,Export,10000,ANOMALİ (Import/Export Çakışması - 1.6 Tespiti),anomaly,1.6
1763122468.3372378,Import,11000,81,Export,10000,ANOMALİ (Import/Export Çakışması - 1.6 Tespiti),anomaly,1.6
1763122470.3380005,Import,11000,82,Export,10000,ANOMALİ (Import/Export Çakışması - 1.6 Tespiti),anomaly,1.6
1763122472.339175,Import,11000,83,Export,10000,ANOMALİ (Import/Export Çakışması - 1.6 Tespiti),anomaly,1.6
1763122474.3416145,Import,11000,84,Export,10000,ANOMALİ (Import/Export Çakışması - 1.6 Tespiti),anomaly,1.6
1763122476.3433564,Import,11000,85,Export,10000,ANOMALİ (Import/Export Çakışması - 1.6 Tespiti),anomaly,1.6
1763122478.344757,Import,11000,86,Export,10000,ANOMALİ (Import/Export Çakışması - 1.6 Tespiti),anomaly,1.6
1763122480.347056,Import,11000,87,Export,10000,ANOMALİ (Import/Export Çakışması - 1.6 Tespiti),anomaly,1.6
1763122482.3492112,Import,11000,88,Export,10000,ANOMALİ (Import/Export Çakışması - 1.6 Tespiti),anomaly,1.6
1763122484.3520873,Import,11000,89,Export,10000,ANOMALİ (Import/Export Çakışması - 1.6 Tespiti),anomaly,1.6
1763122486.3531034,Import,11000,90,Export,10000,ANOMALİ (Import/Export Çakışması - 1.6 Tespiti),anomaly,1.6
1763122488.3546402,Import,11000,91,Export,10000,ANOMALİ (Import/Export Çakışması - 1.6 Tespiti),anomaly,1.6
1763122490.3562624,Import,11000,92,Export,10000,ANOMALİ (Import/Export Çakışması - 1.6 Tespiti),anomaly,1.6
1763122492.3576868,Import,11000,93,Export,10000,ANOMALİ (Import/Export Çakışması - 1.6 Tespiti),anomaly,1.6
1763122494.3600721,Import,11000,94,Export,10000,ANOMALİ (Import/Export Çakışması - 1.6 Tespiti),anomaly,1.6
1763122496.3617685,Import,11000,95,Export,10000,ANOMALİ (Import/Export Çakışması - 1.6 Tespiti),anomaly,1.6
1763122498.3625777,Import,11000,95,Export,10000,ANOMALİ (Import/Export Çakışması - 1.6 Tespiti),anomaly,1.6
1763122500.3643034,Import,11000,95,Export,10000,ANOMALİ (Import/Export Çakışması - 1.6 Tespiti),anomaly,1.6
1763122502.3653746,Import,11000,95,Export,10000,ANOMALİ (Import/Export Çakışması - 1.6 Tespiti),anomaly,1.6
1763122504.366682,Import,11000,95,Export,10000,ANOMALİ (Import/Export Çakışması - 1.6 Tespiti),anomaly,1.6
1763122506.3683746,Import,11000,95,Export,10000,ANOMALİ (Import/Export Çakışması - 1.6 Tespiti),anomaly,1.6
1763122508.3737352,Import,11000,95,Export,10000,ANOMALİ (Import/Export Çakışması - 1.6 Tespiti),anomaly,1.6
1763122510.3740296,Import,11000,95,Export,10000,ANOMALİ (Import/Export Çakışması - 1.6 Tespiti),anomaly,1.6
1763122512.3748071,Import,11000,95,Export,10000,ANOMALİ (Import/Export Çakışması - 1.6 Tespiti),anomaly,1.6
1763122514.3758976,Import,11000,95,Export,10000,ANOMALİ (Import/Export Çakışması - 1.6 Tespiti),anomaly,1.6
1763122516.3773973,Import,11000,95,Export,10000,ANOMALİ (Import/Export Çakışması - 1.6 Tespiti),anomaly,1.6
1763122518.3792868,Import,11000,95,Export,10000,ANOMALİ (Import/Export Çakışması - 1.6 Tespiti),anomaly,1.6
1763122520.3800821,Import,11000,95,Export,10000,ANOMALİ (Import/Export Çakışması - 1.6 Tespiti),anomaly,1.6
1763122522.3814187,Import,11000,95,Export,10000,ANOMALİ (Import/Export Çakışması - 1.6 Tespiti),anomaly,1.6
1763122524.3829718,Import,11000,95,Export,10000,ANOMALİ (Import/Export Çakışması - 1.6 Tespiti),anomaly,1.6
1763122526.3837392,Import,11000,95,Export,10000,ANOMALİ (Import/Export Çakışması - 1.6 Tespiti),anomaly,1.6
1763122528.38524,Import,11000,95,Export,10000,ANOMALİ (Import/Export Çakışması - 1.6 Tespiti),anomaly,1.6
1763122530.3860402,Import,11000,95,Export,10000,ANOMALİ (Import/Export Çakışması - 1.6 Tespiti),anomaly,1.6
1763122532.390442,Import,11000,95,Export,10000,ANOMALİ (Import/Export Çakışması - 1.6 Tespiti),anomaly,1.6
1763122534.3910723,Import,11000,95,Export,10000,ANOMALİ (Import/Export Çakışması - 1.6 Tespiti),anomaly,1.6
1763122536.3926516,Import,11000,95,Export,10000,ANOMALİ (Import/Export Çakışması - 1.6 Tespiti),anomaly,1.6
1763122538.395151,Import,11000,95,Export,10000,ANOMALİ (Import/Export Çakışması - 1.6 Tespiti),anomaly,1.6
1763122540.3970208,Import,11000,95,Export,10000,ANOMALİ (Import/Export Çakışması - 1.6 Tespiti),anomaly,1.6
1763122542.3977072,Import,11000,95,Export,10000,ANOMALİ (Import/Export Çakışması - 1.6 Tespiti),anomaly,1.6
1763122544.3988817,Import,11000,95,Export,10000,ANOMALİ (Import/Export Çakışması - 1.6 Tespiti),anomaly,1.6
1763122546.400152,Import,11000,95,Export,10000,ANOMALİ (Import/Export Çakışması - 1.6 Tespiti),anomaly,1.6
1763122548.4015234,Import,11000,95,Export,10000,ANOMALİ (Import/Export Çakışması - 1.6 Tespiti),anomaly,1.6
1763122550.4045353,Import,11000,95,Export,10000,ANOMALİ (Import/Export Çakışması - 1.6 Tespiti),anomaly,1.6
1763122552.4070084,Import,11000,95,Export,10000,ANOMALİ (Import/Export Çakışması - 1.6 Tespiti),anomaly,1.6
1763122554.408851,Import,11000,95,Export,10000,ANOMALİ (Import/Export Çakışması - 1.6 Tespiti),anomaly,1.6
1763122556.4099803,Import,11000,95,Export,10000,ANOMALİ (Import/Export Çakışması - 1.6 Tespiti),anomaly,1.6
1763122558.4269,Import,11000,95,Export,10000,ANOMALİ (Import/Export Çakışması - 1.6 Tespiti),anomaly,1.6
1763122560.4300902,Import,11000,95,Export,10000,ANOMALİ (Import/Export Çakışması - 1.6 Tespiti),anomaly,1.6
1763122562.4312136,Import,11000,95,Export,10000,ANOMALİ (Import/Export Çakışması - 1.6 Tespiti),anomaly,1.6
1763122564.4327333,Import,11000,95,Export,10000,ANOMALİ (Import/Export Çakışması - 1.6 Tespiti),anomaly,1.6
1763122566.4339364,Import,11000,95,Export,10000,ANOMALİ (Import/Export Çakışması - 1.6 Tespiti),anomaly,1.6
1763122568.4342628,Import,11000,95,Export,10000,ANOMALİ (Import/Export Çakışması - 1.6 Tespiti),anomaly,1.6
1763122570.4357343,Import,11000,95,Export,10000,ANOMALİ (Import/Export Çakışması - 1.6 Tespiti),anomaly,1.6
1763122572.437255,Import,11000,95,Export,10000,ANOMALİ (Import/Export Çakışması - 1.6 Tespiti),anomaly,1.6
1763122574.4384053,Import,11000,95,Export,10000,ANOMALİ (Import/Export Çakışması - 1.6 Tespiti),anomaly,1.6
1763122576.4395785,Import,11000,95,Export,10000,ANOMALİ (Import/Export Çakışması - 1.6 Tespiti),anomaly,1.6
1763122578.441273,Import,11000,95,Export,10000,ANOMALİ (Import/Export Çakışması - 1.6 Tespiti),anomaly,1.6
1763122580.4431205,Import,11000,95,Export,10000,ANOMALİ (Import/Export Çakışması - 1.6 Tespiti),anomaly,1.6
1763122582.4441712,Import,11000,95,Export,10000,ANOMALİ (Import/Export Çakışması - 1.6 Tespiti),anomaly,1.6
1763122584.4454195,Import,11000,95,Export,10000,ANOMALİ (Import/Export Çakışması - 1.6 Tespiti),anomaly,1.6
1763122586.4464989,Import,11000,95,Export,10000,ANOMALİ (Import/Export Çakışması - 1.6 Tespiti),anomaly,1.6
1763122588.448932,Import,11000,95,Export,10000,ANOMALİ (Import/Export Çakışması - 1.6 Tespiti),anomaly,1.6
1763122590.4508364,Import,11000,95,Export,10000,ANOMALİ (Import/Export Çakışması - 1.6 Tespiti),anomaly,1.6
1763122592.4520752,Import,11000,95,Export,10000,ANOMALİ (Import/Export Çakışması - 1.6 Tespiti),anomaly,1.6
1763122594.452481,Import,11000,95,Export,10000,ANOMALİ (Import/Export Çakışması - 1.6 Tespiti),anomaly,1.6
1763122596.454566,Import,11000,95,Export,10000,ANOMALİ (Import/Export Çakışması - 1.6 Tespiti),anomaly,1.6
1763122598.4552581,Import,11000,95,Export,10000,ANOMALİ (Import/Export Çakışması - 1.6 Tespiti),anomaly,1.6
1763122600.4574733,Import,11000,95,Export,10000,ANOMALİ (Import/Export Çakışması - 1.6 Tespiti),anomaly,1.6
1763122602.4599605,Import,11000,95,Export,10000,ANOMALİ (Import/Export Çakışması - 1.6 Tespiti),anomaly,1.6
1763122604.461203,Import,11000,95,Export,10000,ANOMALİ (Import/Export Çakışması - 1.6 Tespiti),anomaly,1.6
1763122606.4620225,Import,11000,95,Export,10000,ANOMALİ (Import/Export Çakışması - 1.6 Tespiti),anomaly,1.6
1763122608.463695,Import,11000,95,Export,10000,ANOMALİ (Import/Export Çakışması - 1.6 Tespiti),anomaly,1.6
1763122610.465133,Import,11000,95,Export,10000,ANOMALİ (Import/Export Çakışması - 1.6 Tespiti),anomaly,1.6
1763122612.46924,Import,11000,95,Export,10000,ANOMALİ (Import/Export Çakışması - 1.6 Tespiti),anomaly,1.6
1763122614.4704282,Import,11000,95,Export,10000,ANOMALİ (Import/Export Çakışması - 1.6 Tespiti),anomaly,1.6
1763122616.472008,Import,11000,95,Export,10000,ANOMALİ (Import/Export Çakışması - 1.6 Tespiti),anomaly,1.6
1763122618.473821,Import,11000,95,Export,10000,ANOMALİ (Import/Export Çakışması - 1.6 Tespiti),anomaly,1.6
1763122620.4757578,Import,11000,95,Export,10000,ANOMALİ (Import/Export Çakışması - 1.6 Tespiti),anomaly,1.6
1763122622.4775121,Import,11000,95,Export,10000,ANOMALİ (Import/Export Çakışması - 1.6 Tespiti),anomaly,1.6
1763122624.4817,Import,11000,95,Export,10000,ANOMALİ (Import/Export Çakışması - 1.6 Tespiti),anomaly,1.6
1763122626.4827268,Import,11000,95,Export,10000,ANOMALİ (Import/Export Çakışması - 1.6 Tespiti),anomaly,1.6
1763122628.4944422,Import,11000,95,Export,10000,ANOMALİ (Import/Export Çakışması - 1.6 Tespiti),anomaly,1.6
1763122630.5020108,Import,11000,95,Export,10000,ANOMALİ (Import/Export Çakışması - 1.6 Tespiti),anomaly,1.6
1763122632.5041742,Import,11000,95,Export,10000,ANOMALİ (Import/Export Çakışması - 1.6 Tespiti),anomaly,1.6
1763122634.5062327,Import,11000,95,Export,10000,ANOMALİ (Import/Export Çakışması - 1.6 Tespiti),anomaly,1.6
1763122636.5069513,Import,11000,95,Export,10000,ANOMALİ (Import/Export Çakışması - 1.6 Tespiti),anomaly,1.6
1763122638.5083237,Import,11000,95,Export,10000,ANOMALİ (Import/Export Çakışması - 1.6 Tespiti),anomaly,1.6
1763122640.5093448,Import,11000,95,Export,10000,ANOMALİ (Import/Export Çakışması - 1.6 Tespiti),anomaly,1.6
1763122642.5131946,Import,11000,95,Export,10000,ANOMALİ (Import/Export Çakışması - 1.6 Tespiti),anomaly,1.6
1763122644.5134637,Import,11000,95,Export,10000,ANOMALİ (Import/Export Çakışması - 1.6 Tespiti),anomaly,1.6
1763122646.5143723,Import,11000,95,Export,10000,ANOMALİ (Import/Export Çakışması - 1.6 Tespiti),anomaly,1.6
1763122648.5164113,Import,11000,95,Export,10000,ANOMALİ (Import/Export Çakışması - 1.6 Tespiti),anomaly,1.6
1763122650.5178416,Import,11000,95,Export,10000,ANOMALİ (Import/Export Çakışması - 1.6 Tespiti),anomaly,1.6
1763122652.5186324,Import,11000,95,Export,10000,ANOMALİ (Import/Export Çakışması - 1.6 Tespiti),anomaly,1.6
1763122654.5199585,Import,11000,95,Export,10000,ANOMALİ (Import/Export Çakışması - 1.6 Tespiti),anomaly,1.6
1763122656.5230963,Import,11000,95,Export,10000,ANOMALİ (Import/Export Çakışması - 1.6 Tespiti),anomaly,1.6
1763122658.524406,Import,11000,95,Export,10000,ANOMALİ (Import/Export Çakışması - 1.6 Tespiti),anomaly,1.6
1763122660.5261872,Import,11000,95,Export,10000,ANOMALİ (Import/Export Çakışması - 1.6 Tespiti),anomaly,1.6
1763122662.528955,Import,11000,95,Export,10000,ANOMALİ (Import/Export Çakışması - 1.6 Tespiti),anomaly,1.6
1763122664.530209,Import,11000,95,Export,10000,ANOMALİ (Import/Export Çakışması - 1.6 Tespiti),anomaly,1.6
1763122666.5312243,Import,11000,95,Export,10000,ANOMALİ (Import/Export Çakışması - 1.6 Tespiti),anomaly,1.6
1763122668.5320728,Import,11000,95,Export,10000,ANOMALİ (Import/Export Çakışması - 1.6 Tespiti),anomaly,1.6
1763122670.5351522,Import,11000,95,Export,10000,ANOMALİ (Import/Export Çakışması - 1.6 Tespiti),anomaly,1.6
1763122672.5358756,Import,11000,95,Export,10000,ANOMALİ (Import/Export Çakışması - 1.6 Tespiti),anomaly,1.6
1763122674.5372856,Import,11000,95,Export,10000,ANOMALİ (Import/Export Çakışması - 1.6 Tespiti),anomaly,1.6
1763122676.5387483,Import,11000,95,Export,10000,ANOMALİ (Import/Export Çakışması - 1.6 Tespiti),anomaly,1.6
1763122678.5401292,Import,11000,95,Export,10000,ANOMALİ (Import/Export Çakışması - 1.6 Tespiti),anomaly,1.6
1763122680.541343,Import,11000,95,Export,10000,ANOMALİ (Import/Export Çakışması - 1.6 Tespiti),anomaly,1.6
1763122682.5444012,Import,11000,95,Export,10000,ANOMALİ (Import/Export Çakışması - 1.6 Tespiti),anomaly,1.6
1763122684.5498693,Import,11000,95,Export,10000,ANOMALİ (Import/Export Çakışması - 1.6 Tespiti),anomaly,1.6
1763122686.5518396,Import,11000,95,Export,10000,ANOMALİ (Import/Export Çakışması - 1.6 Tespiti),anomaly,1.6
1763122688.5528333,Import,11000,95,Export,10000,ANOMALİ (Import/Export Çakışması - 1.6 Tespiti),anomaly,1.6
1763122690.558851,Import,11000,95,Export,10000,ANOMALİ (Import/Export Çakışması - 1.6 Tespiti),anomaly,1.6
1763122692.559754,Import,11000,95,Export,10000,ANOMALİ (Import/Export Çakışması - 1.6 Tespiti),anomaly,1.6
1763122694.5611877,Import,11000,95,Export,10000,ANOMALİ (Import/Export Çakışması - 1.6 Tespiti),anomaly,1.6
1763122696.5672572,Import,11000,95,Export,10000,ANOMALİ (Import/Export Çakışması - 1.6 Tespiti),anomaly,1.6
1763122698.568109,Import,11000,95,Export,10000,ANOMALİ (Import/Export Çakışması - 1.6 Tespiti),anomaly,1.6
1763122700.5694203,Import,11000,95,Export,10000,ANOMALİ (Import/Export Çakışması - 1.6 Tespiti),anomaly,1.6
1763122702.572277,Import,11000,95,Export,10000,ANOMALİ (Import/Export Çakışması - 1.6 Tespiti),anomaly,1.6
1763122704.5741434,Import,11000,95,Export,10000,ANOMALİ (Import/Export Çakışması - 1.6 Tespiti),anomaly,1.6
1763122706.575395,Import,11000,95,Export,10000,ANOMALİ (Import/Export Çakışması - 1.6 Tespiti),anomaly,1.6
1763122708.5762572,Import,11000,95,Export,10000,ANOMALİ (Import/Export Çakışması - 1.6 Tespiti),anomaly,1.6
1763122710.6121244,Import,11000,95,Export,10000,ANOMALİ (Import/Export Çakışması - 1.6 Tespiti),anomaly,1.6
1763122712.6152666,Import,11000,95,Export,10000,ANOMALİ (Import/Export Çakışması - 1.6 Tespiti),anomaly,1.6
1763122714.6163816,Import,11000,95,Export,10000,ANOMALİ (Import/Export Çakışması - 1.6 Tespiti),anomaly,1.6
1763122716.6166682,Import,11000,95,Export,10000,ANOMALİ (Import/Export Çakışması - 1.6 Tespiti),anomaly,1.6
1763122718.6299396,Import,11000,95,Export,10000,ANOMALİ (Import/Export Çakışması - 1.6 Tespiti),anomaly,1.6
1763122720.6364756,Import,11000,95,Export,10000,ANOMALİ (Import/Export Çakışması - 1.6 Tespiti),anomaly,1.6
1763122722.6371593,Import,11000,95,Export,10000,ANOMALİ (Import/Export Çakışması - 1.6 Tespiti),anomaly,1.6
1763122724.6387317,Import,11000,95,Export,10000,ANOMALİ (Import/Export Çakışması - 1.6 Tespiti),anomaly,1.6
1763122726.6402707,Import,11000,95,Export,10000,ANOMALİ (Import/Export Çakışması - 1.6 Tespiti),anomaly,1.6
1763122728.641865,Import,11000,95,Import,11000,Tutarlı (Normal),normal,1.6
1763122730.6479588,Import,11000,95,Export,10000,ANOMALİ (Import/Export Çakışması - 1.6 Tespiti),anomaly,1.6
1763122732.6487298,Import,11000,95,Export,10000,ANOMALİ (Import/Export Çakışması - 1.6 Tespiti),anomaly,1.6
1763122734.655925,Import,11000,95,Export,10000,ANOMALİ (Import/Export Çakışması - 1.6 Tespiti),anomaly,1.6
1763122736.6576777,Import,11000,95,Export,10000,ANOMALİ (Import/Export Çakışması - 1.6 Tespiti),anomaly,1.6
1763122738.658631,Import,11000,95,Export,10000,ANOMALİ (Import/Export Çakışması - 1.6 Tespiti),anomaly,1.6
1763122740.6694777,Import,11000,95,Export,10000,ANOMALİ (Import/Export Çakışması - 1.6 Tespiti),anomaly,1.6
1763122742.6705594,Import,11000,95,Export,10000,ANOMALİ (Import/Export Çakışması - 1.6 Tespiti),anomaly,1.6
1763122744.6735103,Import,11000,95,Export,10000,ANOMALİ (Import/Export Çakışması - 1.6 Tespiti),anomaly,1.6
1763122746.6764054,Import,11000,95,Export,10000,ANOMALİ (Import/Export Çakışması - 1.6 Tespiti),anomaly,1.6
1763122748.6776621,Import,11000,95,Export,10000,ANOMALİ (Import/Export Çakışması - 1.6 Tespiti),anomaly,1.6
1763122750.6813283,Import,11000,95,Export,10000,ANOMALİ (Import/Export Çakışması - 1.6 Tespiti),anomaly,1.6
1763122752.6959481,Import,11000,95,Export,10000,ANOMALİ (Import/Export Çakışması - 1.6 Tespiti),anomaly,1.6
1763122754.6859846,Import,11000,95,Export,10000,ANOMALİ (Import/Export Çakışması - 1.6 Tespiti),anomaly,1.6
1763122756.6882162,Import,11000,95,Export,10000,ANOMALİ (Import/Export Çakışması - 1.6 Tespiti),anomaly,1.6
1763122758.690007,Import,11000,95,Export,10000,ANOMALİ (Import/Export Çakışması - 1.6 Tespiti),anomaly,1.6
1763122760.6908321,Import,11000,95,Export,10000,ANOMALİ (Import/Export Çakışması - 1.6 Tespiti),anomaly,1.6
1763122762.6992419,Import,11000,95,Export,10000,ANOMALİ (Import/Export Çakışması - 1.6 Tespiti),anomaly,1.6
1763122764.7039993,Import,11000,95,Export,10000,ANOMALİ (Import/Export Çakışması - 1.6 Tespiti),anomaly,1.6
1763122766.7108455,Import,11000,95,Export,10000,ANOMALİ (Import/Export Çakışması - 1.6 Tespiti),anomaly,1.6
1763122768.7118194,Import,11000,95,Export,10000,ANOMALİ (Import/Export Çakışması - 1.6 Tespiti),anomaly,1.6
1763122770.714935,Import,11000,95,Export,10000,ANOMALİ (Import/Export Çakışması - 1.6 Tespiti),anomaly,1.6
1763122772.7168949,Import,11000,95,Export,10000,ANOMALİ (Import/Export Çakışması - 1.6 Tespiti),anomaly,1.6
1763122774.7193928,Import,11000,95,Export,10000,ANOMALİ (Import/Export Çakışması - 1.6 Tespiti),anomaly,1.6
1763122776.72111,Import,11000,95,Export,10000,ANOMALİ (Import/Export Çakışması - 1.6 Tespiti),anomaly,1.6
1763122778.7224004,Import,11000,95,Export,10000,ANOMALİ (Import/Export Çakışması - 1.6 Tespiti),anomaly,1.6
1763122780.7237325,Import,11000,95,Export,10000,ANOMALİ (Import/Export Çakışması - 1.6 Tespiti),anomaly,1.6
1763122782.7280688,Import,11000,95,Export,10000,ANOMALİ (Import/Export Çakışması - 1.6 Tespiti),anomaly,1.6
1763122784.734019,Import,11000,95,Export,10000,ANOMALİ (Import/Export Çakışması - 1.6 Tespiti),anomaly,1.6
1763122786.7349513,Import,11000,95,Export,10000,ANOMALİ (Import/Export Çakışması - 1.6 Tespiti),anomaly,1.6
1763122788.7365146,Import,11000,95,Export,10000,ANOMALİ (Import/Export Çakışması - 1.6 Tespiti),anomaly,1.6
1763122790.7371826,Import,11000,95,Export,10000,ANOMALİ (Import/Export Çakışması - 1.6 Tespiti),anomaly,1.6
1763122792.73822,Import,11000,95,Export,10000,ANOMALİ (Import/Export Çakışması - 1.6 Tespiti),anomaly,1.6
1763122794.741189,Import,11000,95,Export,10000,ANOMALİ (Import/Export Çakışması - 1.6 Tespiti),anomaly,1.6
1763122796.7428675,Import,11000,95,Export,10000,ANOMALİ (Import/Export Çakışması - 1.6 Tespiti),anomaly,1.6
1763122798.7481241,Import,11000,95,Export,10000,ANOMALİ (Import/Export Çakışması - 1.6 Tespiti),anomaly,1.6
1763122800.750062,Import,11000,95,Export,10000,ANOMALİ (Import/Export Çakışması - 1.6 Tespiti),anomaly,1.6
1763122802.7515562,Import,11000,95,Export,10000,ANOMALİ (Import/Export Çakışması - 1.6 Tespiti),anomaly,1.6
1763122804.7565536,Import,11000,95,Export,10000,ANOMALİ (Import/Export Çakışması - 1.6 Tespiti),anomaly,1.6
1763122806.7574003,Import,11000,95,Export,10000,ANOMALİ (Import/Export Çakışması - 1.6 Tespiti),anomaly,1.6
1763122808.7607186,Import,11000,95,Export,10000,ANOMALİ (Import/Export Çakışması - 1.6 Tespiti),anomaly,1.6
1763122810.7633317,Import,11000,95,Export,10000,ANOMALİ (Import/Export Çakışması - 1.6 Tespiti),anomaly,1.6
1763122812.7648385,Import,11000,95,Export,10000,ANOMALİ (Import/Export Çakışması - 1.6 Tespiti),anomaly,1.6
1763122814.7670438,Import,11000,95,Export,10000,ANOMALİ (Import/Export Çakışması - 1.6 Tespiti),anomaly,1.6
1763122816.7707658,Import,11000,95,Export,10000,ANOMALİ (Import/Export Çakışması - 1.6 Tespiti),anomaly,1.6
1763122818.7749517,Import,11000,95,Export,10000,ANOMALİ (Import/Export Çakışması - 1.6 Tespiti),anomaly,1.6
1763122820.7757688,Import,11000,95,Export,10000,ANOMALİ (Import/Export Çakışması - 1.6 Tespiti),anomaly,1.6
1763122822.7773824,Import,11000,95,Export,10000,ANOMALİ (Import/Export Çakışması - 1.6 Tespiti),anomaly,1.6
1763122824.7786553,Import,11000,95,Export,10000,ANOMALİ (Import/Export Çakışması - 1.6 Tespiti),anomaly,1.6
1763122826.7868514,Import,11000,95,Export,10000,ANOMALİ (Import/Export Çakışması - 1.6 Tespiti),anomaly,1.6
1763122828.781155,Import,11000,95,Export,10000,ANOMALİ (Import/Export Çakışması - 1.6 Tespiti),anomaly,1.6
1763122830.7832325,Import,11000,95,Export,10000,ANOMALİ (Import/Export Çakışması - 1.6 Tespiti),anomaly,1.6
1763122832.784364,Import,11000,95,Export,10000,ANOMALİ (Import/Export Çakışması - 1.6 Tespiti),anomaly,1.6
1763122834.787951,Import,11000,95,Export,10000,ANOMALİ (Import/Export Çakışması - 1.6 Tespiti),anomaly,1.6
1763122836.788824,Import,11000,95,Export,10000,ANOMALİ (Import/Export Çakışması - 1.6 Tespiti),anomaly,1.6
1763122838.790512,Import,11000,95,Export,10000,ANOMALİ (Import/Export Çakışması - 1.6 Tespiti),anomaly,1.6
1763122840.7922359,Import,11000,95,Export,10000,ANOMALİ (Import/Export Çakışması - 1.6 Tespiti),anomaly,1.6
1763122842.7943478,Import,11000,95,Export,10000,ANOMALİ (Import/Export Çakışması - 1.6 Tespiti),anomaly,1.6
1763122844.7959995,Import,11000,95,Export,10000,ANOMALİ (Import/Export Çakışması - 1.6 Tespiti),anomaly,1.6
1763122846.7970204,Import,11000,95,Export,10000,ANOMALİ (Import/Export Çakışması - 1.6 Tespiti),anomaly,1.6
1763122848.8053432,Import,11000,95,Export,10000,ANOMALİ (Import/Export Çakışması - 1.6 Tespiti),anomaly,1.6
1763122850.8076258,Import,11000,95,Export,10000,ANOMALİ (Import/Export Çakışması - 1.6 Tespiti),anomaly,1.6
1763122852.8089955,Import,11000,95,Export,10000,ANOMALİ (Import/Export Çakışması - 1.6 Tespiti),anomaly,1.6
1763122854.8097525,Import,11000,95,Export,10000,ANOMALİ (Import/Export Çakışması - 1.6 Tespiti),anomaly,1.6
1763122856.8112109,Import,11000,95,Export,10000,ANOMALİ (Import/Export Çakışması - 1.6 Tespiti),anomaly,1.6
1763122858.8127565,Import,11000,95,Export,10000,ANOMALİ (Import/Export Çakışması - 1.6 Tespiti),anomaly,1.6
1763122860.8138304,Import,11000,95,Export,10000,ANOMALİ (Import/Export Çakışması - 1.6 Tespiti),anomaly,1.6
1763122862.8161626,Import,11000,95,Export,10000,ANOMALİ (Import/Export Çakışması - 1.6 Tespiti),anomaly,1.6
1763122864.8169975,Import,11000,95,Export,10000,ANOMALİ (Import/Export Çakışması - 1.6 Tespiti),anomaly,1.6
1763122866.8176029,Import,11000,95,Export,10000,ANOMALİ (Import/Export Çakışması - 1.6 Tespiti),anomaly,1.6
1763122868.8181016,Import,11000,95,Export,10000,ANOMALİ (Import/Export Çakışması - 1.6 Tespiti),anomaly,1.6
1763122870.8199658,Import,11000,95,Export,10000,ANOMALİ (Import/Export Çakışması - 1.6 Tespiti),anomaly,1.6
1763122872.8241267,Import,11000,95,Export,10000,ANOMALİ (Import/Export Çakışması - 1.6 Tespiti),anomaly,1.6
1763122874.8211062,Import,11000,95,Export,10000,ANOMALİ (Import/Export Çakışması - 1.6 Tespiti),anomaly,1.6
1763122876.823454,Import,11000,95,Export,10000,ANOMALİ (Import/Export Çakışması - 1.6 Tespiti),anomaly,1.6
1763122878.8253024,Import,11000,95,Export,10000,ANOMALİ (Import/Export Çakışması - 1.6 Tespiti),anomaly,1.6
1763122880.826954,Import,11000,95,Export,10000,ANOMALİ (Import/Export Çakışması - 1.6 Tespiti),anomaly,1.6
1763122882.8280308,Import,11000,95,Export,10000,ANOMALİ (Import/Export Çakışması - 1.6 Tespiti),anomaly,1.6
1763122884.8292863,Import,11000,95,Export,10000,ANOMALİ (Import/Export Çakışması - 1.6 Tespiti),anomaly,1.6
1763122886.8300104,Import,11000,95,Export,10000,ANOMALİ (Import/Export Çakışması - 1.6 Tespiti),anomaly,1.6
1763122888.8309011,Import,11000,95,Export,10000,ANOMALİ (Import/Export Çakışması - 1.6 Tespiti),anomaly,1.6
1763122890.8322487,Import,11000,95,Export,10000,ANOMALİ (Import/Export Çakışması - 1.6 Tespiti),anomaly,1.6
1763122892.833611,Import,11000,95,Export,10000,ANOMALİ (Import/Export Çakışması - 1.6 Tespiti),anomaly,1.6
1763122894.8344939,Import,11000,95,Export,10000,ANOMALİ (Import/Export Çakışması - 1.6 Tespiti),anomaly,1.6
1763122896.835638,Import,11000,95,Export,10000,ANOMALİ (Import/Export Çakışması - 1.6 Tespiti),anomaly,1.6
1763122898.8379726,Import,11000,95,Export,10000,ANOMALİ (Import/Export Çakışması - 1.6 Tespiti),anomaly,1.6
1763122900.8385649,Import,11000,95,Export,10000,ANOMALİ (Import/Export Çakışması - 1.6 Tespiti),anomaly,1.6
1763122902.8408775,Import,11000,95,Export,10000,ANOMALİ (Import/Export Çakışması - 1.6 Tespiti),anomaly,1.6
1763122904.8417296,Import,11000,95,Export,10000,ANOMALİ (Import/Export Çakışması - 1.6 Tespiti),anomaly,1.6
1763122906.8440819,Import,11000,95,Export,10000,ANOMALİ (Import/Export Çakışması - 1.6 Tespiti),anomaly,1.6
1763122908.8476489,Import,11000,95,Export,10000,ANOMALİ (Import/Export Çakışması - 1.6 Tespiti),anomaly,1.6
1763122910.8505442,Import,11000,95,Export,10000,ANOMALİ (Import/Export Çakışması - 1.6 Tespiti),anomaly,1.6
1763122912.8544881,Import,11000,95,Export,10000,ANOMALİ (Import/Export Çakışması - 1.6 Tespiti),anomaly,1.6
1763122914.855988,Import,11000,95,Export,10000,ANOMALİ (Import/Export Çakışması - 1.6 Tespiti),anomaly,1.6
1763122916.856998,Import,11000,95,Export,10000,ANOMALİ (Import/Export Çakışması - 1.6 Tespiti),anomaly,1.6
1763122918.8584785,Import,11000,95,Export,10000,ANOMALİ (Import/Export Çakışması - 1.6 Tespiti),anomaly,1.6
1763122920.8595197,Import,11000,95,Export,10000,ANOMALİ (Import/Export Çakışması - 1.6 Tespiti),anomaly,1.6
1763122922.860444,Import,11000,95,Export,10000,ANOMALİ (Import/Export Çakışması - 1.6 Tespiti),anomaly,1.6
1763122924.8616264,Import,11000,95,Export,10000,ANOMALİ (Import/Export Çakışması - 1.6 Tespiti),anomaly,1.6
1763122926.8660603,Import,11000,95,Export,10000,ANOMALİ (Import/Export Çakışması - 1.6 Tespiti),anomaly,1.6
1763122928.8669078,Import,11000,95,Export,10000,ANOMALİ (Import/Export Çakışması - 1.6 Tespiti),anomaly,1.6
1763122930.8679614,Import,11000,95,Export,10000,ANOMALİ (Import/Export Çakışması - 1.6 Tespiti),anomaly,1.6
1763122932.8699648,Import,11000,95,Export,10000,ANOMALİ (Import/Export Çakışması - 1.6 Tespiti),anomaly,1.6
1763122934.8712876,Import,11000,95,Export,10000,ANOMALİ (Import/Export Çakışması - 1.6 Tespiti),anomaly,1.6
1763122936.87241,Import,11000,95,Export,10000,ANOMALİ (Import/Export Çakışması - 1.6 Tespiti),anomaly,1.6
1763122938.8739512,Import,11000,95,Export,10000,ANOMALİ (Import/Export Çakışması - 1.6 Tespiti),anomaly,1.6
1763122940.8747065,Import,11000,95,Export,10000,ANOMALİ (Import/Export Çakışması - 1.6 Tespiti),anomaly,1.6
1763122942.8756826,Import,11000,95,Export,10000,ANOMALİ (Import/Export Çakışması - 1.6 Tespiti),anomaly,1.6
1763122944.876103,Import,11000,95,Export,10000,ANOMALİ (Import/Export Çakışması - 1.6 Tespiti),anomaly,1.6
1763122946.8776495,Import,11000,95,Export,10000,ANOMALİ (Import/Export Çakışması - 1.6 Tespiti),anomaly,1.6
1763122948.8795962,Import,11000,95,Export,10000,ANOMALİ (Import/Export Çakışması - 1.6 Tespiti),anomaly,1.6
1763122950.8808987,Import,11000,95,Export,10000,ANOMALİ (Import/Export Çakışması - 1.6 Tespiti),anomaly,1.6
1763122952.8815925,Import,11000,95,Export,10000,ANOMALİ (Import/Export Çakışması - 1.6 Tespiti),anomaly,1.6
1763122954.8860877,Import,11000,95,Export,10000,ANOMALİ (Import/Export Çakışması - 1.6 Tespiti),anomaly,1.6
1763122956.8833828,Import,11000,95,Export,10000,ANOMALİ (Import/Export Çakışması - 1.6 Tespiti),anomaly,1.6
1763122958.884903,Import,11000,95,Export,10000,ANOMALİ (Import/Export Çakışması - 1.6 Tespiti),anomaly,1.6
1763122960.8865643,Import,11000,95,Export,10000,ANOMALİ (Import/Export Çakışması - 1.6 Tespiti),anomaly,1.6
1763122962.8903499,Import,11000,95,Export,10000,ANOMALİ (Import/Export Çakışması - 1.6 Tespiti),anomaly,1.6
1763122964.890819,Import,11000,95,Export,10000,ANOMALİ (Import/Export Çakışması - 1.6 Tespiti),anomaly,1.6
1763122966.891438,Import,11000,95,Export,10000,ANOMALİ (Import/Export Çakışması - 1.6 Tespiti),anomaly,1.6
1763122968.8926845,Import,11000,95,Export,10000,ANOMALİ (Import/Export Çakışması - 1.6 Tespiti),anomaly,1.6
1763122970.8935645,Import,11000,95,Export,10000,ANOMALİ (Import/Export Çakışması - 1.6 Tespiti),anomaly,1.6
1763122972.8976965,Import,11000,95,Export,10000,ANOMALİ (Import/Export Çakışması - 1.6 Tespiti),anomaly,1.6
1763122974.8984184,Import,11000,95,Export,10000,ANOMALİ (Import/Export Çakışması - 1.6 Tespiti),anomaly,1.6
1763122976.899048,Import,11000,95,Export,10000,ANOMALİ (Import/Export Çakışması - 1.6 Tespiti),anomaly,1.6
1763122978.902364,Import,11000,95,Export,10000,ANOMALİ (Import/Export Çakışması - 1.6 Tespiti),anomaly,1.6
1763122980.9038923,Import,11000,95,Export,10000,ANOMALİ (Import/Export Çakışması - 1.6 Tespiti),anomaly,1.6
1763122982.9054306,Import,11000,95,Export,10000,ANOMALİ (Import/Export Çakışması - 1.6 Tespiti),anomaly,1.6
1763122984.907029,Import,11000,95,Export,10000,ANOMALİ (Import/Export Çakışması - 1.6 Tespiti),anomaly,1.6
1763122986.9077744,Import,11000,95,Export,10000,ANOMALİ (Import/Export Çakışması - 1.6 Tespiti),anomaly,1.6
1763122988.9089565,Import,11000,95,Export,10000,ANOMALİ (Import/Export Çakışması - 1.6 Tespiti),anomaly,1.6
1763122990.910441,Import,11000,95,Export,10000,ANOMALİ (Import/Export Çakışması - 1.6 Tespiti),anomaly,1.6
1763122992.918051,Import,11000,95,Export,10000,ANOMALİ (Import/Export Çakışması - 1.6 Tespiti),anomaly,1.6
1763122994.9374986,Import,11000,95,Export,10000,ANOMALİ (Import/Export Çakışması - 1.6 Tespiti),anomaly,1.6
1763122996.9374332,Import,11000,95,Export,10000,ANOMALİ (Import/Export Çakışması - 1.6 Tespiti),anomaly,1.6
1763122998.9390614,Import,11000,95,Export,10000,ANOMALİ (Import/Export Çakışması - 1.6 Tespiti),anomaly,1.6
1763123000.9403603,Import,11000,95,Export,10000,ANOMALİ (Import/Export Çakışması - 1.6 Tespiti),anomaly,1.6
1763123002.9415586,Import,11000,95,Export,10000,ANOMALİ (Import/Export Çakışması - 1.6 Tespiti),anomaly,1.6
1763123004.9420288,Import,11000,95,Export,10000,ANOMALİ (Import/Export Çakışması - 1.6 Tespiti),anomaly,1.6
1763123006.9433846,Import,11000,95,Export,10000,ANOMALİ (Import/Export Çakışması - 1.6 Tespiti),anomaly,1.6
1763123008.9442039,Import,11000,95,Export,10000,ANOMALİ (Import/Export Çakışması - 1.6 Tespiti),anomaly,1.6
1763123010.9449434,Import,11000,95,Export,10000,ANOMALİ (Import/Export Çakışması - 1.6 Tespiti),anomaly,1.6
1763123012.9461498,Import,11000,95,Export,10000,ANOMALİ (Import/Export Çakışması - 1.6 Tespiti),anomaly,1.6
1763123014.9483073,Import,11000,95,Export,10000,ANOMALİ (Import/Export Çakışması - 1.6 Tespiti),anomaly,1.6
1763123016.949938,Import,11000,95,Export,10000,ANOMALİ (Import/Export Çakışması - 1.6 Tespiti),anomaly,1.6
1763123018.9505615,Import,11000,95,Export,10000,ANOMALİ (Import/Export Çakışması - 1.6 Tespiti),anomaly,1.6
1763123020.9519696,Import,11000,95,Export,10000,ANOMALİ (Import/Export Çakışması - 1.6 Tespiti),anomaly,1.6
1763123022.9532073,Import,11000,95,Export,10000,ANOMALİ (Import/Export Çakışması - 1.6 Tespiti),anomaly,1.6
1763123024.9540792,Import,11000,95,Export,10000,ANOMALİ (Import/Export Çakışması - 1.6 Tespiti),anomaly,1.6
1763123026.9556885,Import,11000,95,Export,10000,ANOMALİ (Import/Export Çakışması - 1.6 Tespiti),anomaly,1.6
1763123028.9590428,Import,11000,95,Export,10000,ANOMALİ (Import/Export Çakışması - 1.6 Tespiti),anomaly,1.6
1763123030.9598343,Import,11000,95,Export,10000,ANOMALİ (Import/Export Çakışması - 1.6 Tespiti),anomaly,1.6
1763123032.9607048,Import,11000,95,Export,10000,ANOMALİ (Import/Export Çakışması - 1.6 Tespiti),anomaly,1.6
1763123034.9613383,Import,11000,95,Export,10000,ANOMALİ (Import/Export Çakışması - 1.6 Tespiti),anomaly,1.6
1763123036.962427,Import,11000,95,Export,10000,ANOMALİ (Import/Export Çakışması - 1.6 Tespiti),anomaly,1.6
1763123038.963427,Import,11000,95,Export,10000,ANOMALİ (Import/Export Çakışması - 1.6 Tespiti),anomaly,1.6
1763123040.964096,Import,11000,95,Export,10000,ANOMALİ (Import/Export Çakışması - 1.6 Tespiti),anomaly,1.6
1763123042.964617,Import,11000,95,Export,10000,ANOMALİ (Import/Export Çakışması - 1.6 Tespiti),anomaly,1.6
1763123044.9663804,Import,11000,95,Export,10000,ANOMALİ (Import/Export Çakışması - 1.6 Tespiti),anomaly,1.6
1763123046.9700947,Import,11000,95,Export,10000,ANOMALİ (Import/Export Çakışması - 1.6 Tespiti),anomaly,1.6
1763123048.9708972,Import,11000,95,Export,10000,ANOMALİ (Import/Export Çakışması - 1.6 Tespiti),anomaly,1.6
1763123050.972339,Import,11000,95,Export,10000,ANOMALİ (Import/Export Çakışması - 1.6 Tespiti),anomaly,1.6
1763123052.973323,Import,11000,95,Export,10000,ANOMALİ (Import/Export Çakışması - 1.6 Tespiti),anomaly,1.6
1763123054.974674,Import,11000,95,Export,10000,ANOMALİ (Import/Export Çakışması - 1.6 Tespiti),anomaly,1.6
1763123056.975641,Import,11000,95,Export,10000,ANOMALİ (Import/Export Çakışması - 1.6 Tespiti),anomaly,1.6
1763123058.9856534,Import,11000,95,Export,10000,ANOMALİ (Import/Export Çakışması - 1.6 Tespiti),anomaly,1.6
1763123060.9903553,Import,11000,95,Export,10000,ANOMALİ (Import/Export Çakışması - 1.6 Tespiti),anomaly,1.6
1763123062.9923413,Import,11000,95,Export,10000,ANOMALİ (Import/Export Çakışması - 1.6 Tespiti),anomaly,1.6
1763123064.9916961,Import,11000,95,Export,10000,ANOMALİ (Import/Export Çakışması - 1.6 Tespiti),anomaly,1.6
1763123066.9926043,Import,11000,95,Export,10000,ANOMALİ (Import/Export Çakışması - 1.6 Tespiti),anomaly,1.6
1763123068.9947262,Import,11000,95,Export,10000,ANOMALİ (Import/Export Çakışması - 1.6 Tespiti),anomaly,1.6
1763123070.9950883,Import,11000,95,Export,10000,ANOMALİ (Import/Export Çakışması - 1.6 Tespiti),anomaly,1.6
1763123072.9964194,Import,11000,95,Export,10000,ANOMALİ (Import/Export Çakışması - 1.6 Tespiti),anomaly,1.6
1763123074.999028,Import,11000,95,Export,10000,ANOMALİ (Import/Export Çakışması - 1.6 Tespiti),anomaly,1.6
1763123077.0015368,Import,11000,95,Export,10000,ANOMALİ (Import/Export Çakışması - 1.6 Tespiti),anomaly,1.6
1763123079.0020955,Import,11000,95,Export,10000,ANOMALİ (Import/Export Çakışması - 1.6 Tespiti),anomaly,1.6
1763123081.004659,Import,11000,95,Export,10000,ANOMALİ (Import/Export Çakışması - 1.6 Tespiti),anomaly,1.6
1763123083.0065615,Import,11000,95,Export,10000,ANOMALİ (Import/Export Çakışması - 1.6 Tespiti),anomaly,1.6
1763123085.0072293,Import,11000,95,Export,10000,ANOMALİ (Import/Export Çakışması - 1.6 Tespiti),anomaly,1.6
1763123087.0096278,Import,11000,95,Export,10000,ANOMALİ (Import/Export Çakışması - 1.6 Tespiti),anomaly,1.6
1763123089.0100698,Import,11000,95,Export,10000,ANOMALİ (Import/Export Çakışması - 1.6 Tespiti),anomaly,1.6
1763123091.0115602,Import,11000,95,Export,10000,ANOMALİ (Import/Export Çakışması - 1.6 Tespiti),anomaly,1.6
1763123093.0123427,Import,11000,95,Export,10000,ANOMALİ (Import/Export Çakışması - 1.6 Tespiti),anomaly,1.6
1763123095.013783,Import,11000,95,Export,10000,ANOMALİ (Import/Export Çakışması - 1.6 Tespiti),anomaly,1.6
1763123097.015681,Import,11000,95,Export,10000,ANOMALİ (Import/Export Çakışması - 1.6 Tespiti),anomaly,1.6
1763123099.0168765,Import,11000,95,Export,10000,ANOMALİ (Import/Export Çakışması - 1.6 Tespiti),anomaly,1.6
1763123101.0188222,Import,11000,95,Export,10000,ANOMALİ (Import/Export Çakışması - 1.6 Tespiti),anomaly,1.6
1763123103.0219889,Import,11000,95,Export,10000,ANOMALİ (Import/Export Çakışması - 1.6 Tespiti),anomaly,1.6
1763123105.0223203,Import,11000,95,Export,10000,ANOMALİ (Import/Export Çakışması - 1.6 Tespiti),anomaly,1.6
1763123107.0242302,Import,11000,95,Export,10000,ANOMALİ (Import/Export Çakışması - 1.6 Tespiti),anomaly,1.6
1763123109.0272627,Import,11000,95,Export,10000,ANOMALİ (Import/Export Çakışması - 1.6 Tespiti),anomaly,1.6
1763123111.02855,Import,11000,95,Export,10000,ANOMALİ (Import/Export Çakışması - 1.6 Tespiti),anomaly,1.6
1763123113.029858,Import,11000,95,Export,10000,ANOMALİ (Import/Export Çakışması - 1.6 Tespiti),anomaly,1.6
1763123115.0313275,Import,11000,95,Export,10000,ANOMALİ (Import/Export Çakışması - 1.6 Tespiti),anomaly,1.6
1763123117.0332189,Import,11000,95,Export,10000,ANOMALİ (Import/Export Çakışması - 1.6 Tespiti),anomaly,1.6
1763123119.0343864,Import,11000,95,Export,10000,ANOMALİ (Import/Export Çakışması - 1.6 Tespiti),anomaly,1.6
1763123121.0355816,Import,11000,95,Export,10000,ANOMALİ (Import/Export Çakışması - 1.6 Tespiti),anomaly,1.6
1763123123.037009,Import,11000,95,Export,10000,ANOMALİ (Import/Export Çakışması - 1.6 Tespiti),anomaly,1.6
1763123125.0420542,Import,11000,95,Export,10000,ANOMALİ (Import/Export Çakışması - 1.6 Tespiti),anomaly,1.6
1763123127.0431778,Import,11000,95,Export,10000,ANOMALİ (Import/Export Çakışması - 1.6 Tespiti),anomaly,1.6
1763123129.0456774,Import,11000,95,Export,10000,ANOMALİ (Import/Export Çakışması - 1.6 Tespiti),anomaly,1.6
1763123131.0470214,Import,11000,95,Export,10000,ANOMALİ (Import/Export Çakışması - 1.6 Tespiti),anomaly,1.6
1763123133.0478094,Import,11000,95,Export,10000,ANOMALİ (Import/Export Çakışması - 1.6 Tespiti),anomaly,1.6
1763123135.0508556,Import,11000,95,Export,10000,ANOMALİ (Import/Export Çakışması - 1.6 Tespiti),anomaly,1.6
1763123137.051943,Import,11000,95,Export,10000,ANOMALİ (Import/Export Çakışması - 1.6 Tespiti),anomaly,1.6
1763123139.0535257,Import,11000,95,Export,10000,ANOMALİ (Import/Export Çakışması - 1.6 Tespiti),anomaly,1.6
1763123141.0549426,Import,11000,95,Export,10000,ANOMALİ (Import/Export Çakışması - 1.6 Tespiti),anomaly,1.6
1763123143.0555332,Import,11000,95,Export,10000,ANOMALİ (Import/Export Çakışması - 1.6 Tespiti),anomaly,1.6
1763123145.0574234,Import,11000,95,Export,10000,ANOMALİ (Import/Export Çakışması - 1.6 Tespiti),anomaly,1.6
1763123147.0584817,Import,11000,95,Export,10000,ANOMALİ (Import/Export Çakışması - 1.6 Tespiti),anomaly,1.6
1763123149.0616374,Import,11000,95,Export,10000,ANOMALİ (Import/Export Çakışması - 1.6 Tespiti),anomaly,1.6
1763123151.0633912,Import,11000,95,Export,10000,ANOMALİ (Import/Export Çakışması - 1.6 Tespiti),anomaly,1.6
1763123153.0650318,Import,11000,95,Export,10000,ANOMALİ (Import/Export Çakışması - 1.6 Tespiti),anomaly,1.6
1763123155.065898,Import,11000,95,Export,10000,ANOMALİ (Import/Export Çakışması - 1.6 Tespiti),anomaly,1.6
1763123157.0678315,Import,11000,95,Export,10000,ANOMALİ (Import/Export Çakışması - 1.6 Tespiti),anomaly,1.6
1763123159.070035,Import,11000,95,Export,10000,ANOMALİ (Import/Export Çakışması - 1.6 Tespiti),anomaly,1.6
1763123161.0710526,Import,11000,95,Export,10000,ANOMALİ (Import/Export Çakışması - 1.6 Tespiti),anomaly,1.6
1763123163.0827985,Import,11000,95,Export,10000,ANOMALİ (Import/Export Çakışması - 1.6 Tespiti),anomaly,1.6
1763123165.084452,Import,11000,95,Export,10000,ANOMALİ (Import/Export Çakışması - 1.6 Tespiti),anomaly,1.6
1763123167.0861032,Import,11000,95,Export,10000,ANOMALİ (Import/Export Çakışması - 1.6 Tespiti),anomaly,1.6
1763123169.0875988,Import,11000,95,Export,10000,ANOMALİ (Import/Export Çakışması - 1.6 Tespiti),anomaly,1.6
1763123171.1072166,Import,11000,95,Export,10000,ANOMALİ (Import/Export Çakışması - 1.6 Tespiti),anomaly,1.6
1763123173.109614,Import,11000,95,Export,10000,ANOMALİ (Import/Export Çakışması - 1.6 Tespiti),anomaly,1.6
1763123175.1112611,Import,11000,95,Export,10000,ANOMALİ (Import/Export Çakışması - 1.6 Tespiti),anomaly,1.6
1763123177.1188354,Import,11000,95,Export,10000,ANOMALİ (Import/Export Çakışması - 1.6 Tespiti),anomaly,1.6
1763123179.1195297,Import,11000,95,Export,10000,ANOMALİ (Import/Export Çakışması - 1.6 Tespiti),anomaly,1.6
1763123181.1220014,Import,11000,95,Export,10000,ANOMALİ (Import/Export Çakışması - 1.6 Tespiti),anomaly,1.6
1763123183.123228,Import,11000,95,Export,10000,ANOMALİ (Import/Export Çakışması - 1.6 Tespiti),anomaly,1.6
1763123185.1244226,Import,11000,95,Export,10000,ANOMALİ (Import/Export Çakışması - 1.6 Tespiti),anomaly,1.6
1763123187.1258724,Import,11000,95,Export,10000,ANOMALİ (Import/Export Çakışması - 1.6 Tespiti),anomaly,1.6
1763123189.1275575,Import,11000,95,Export,10000,ANOMALİ (Import/Export Çakışması - 1.6 Tespiti),anomaly,1.6
1763123191.1329846,Import,11000,95,Export,10000,ANOMALİ (Import/Export Çakışması - 1.6 Tespiti),anomaly,1.6
1763123193.1346273,Import,11000,95,Export,10000,ANOMALİ (Import/Export Çakışması - 1.6 Tespiti),anomaly,1.6
1763123195.1369991,Import,11000,95,Export,10000,ANOMALİ (Import/Export Çakışması - 1.6 Tespiti),anomaly,1.6
1763123197.1402926,Import,11000,95,Export,10000,ANOMALİ (Import/Export Çakışması - 1.6 Tespiti),anomaly,1.6
1763123199.14186,Import,11000,95,Export,10000,ANOMALİ (Import/Export Çakışması - 1.6 Tespiti),anomaly,1.6
1763123201.1422162,Import,11000,95,Export,10000,ANOMALİ (Import/Export Çakışması - 1.6 Tespiti),anomaly,1.6
1763123203.1439972,Import,11000,95,Export,10000,ANOMALİ (Import/Export Çakışması - 1.6 Tespiti),anomaly,1.6
1763123205.1444128,Import,11000,95,Export,10000,ANOMALİ (Import/Export Çakışması - 1.6 Tespiti),anomaly,1.6
1763123207.1461546,Import,11000,95,Export,10000,ANOMALİ (Import/Export Çakışması - 1.6 Tespiti),anomaly,1.6
1763123209.1474104,Import,11000,95,Export,10000,ANOMALİ (Import/Export Çakışması - 1.6 Tespiti),anomaly,1.6
1763123211.1490088,Import,11000,95,Export,10000,ANOMALİ (Import/Export Çakışması - 1.6 Tespiti),anomaly,1.6
1763123213.150371,Import,11000,95,Export,10000,ANOMALİ (Import/Export Çakışması - 1.6 Tespiti),anomaly,1.6
1763123215.1889122,Import,11000,95,Export,10000,ANOMALİ (Import/Export Çakışması - 1.6 Tespiti),anomaly,1.6
1763123217.1900635,Import,11000,95,Export,10000,ANOMALİ (Import/Export Çakışması - 1.6 Tespiti),anomaly,1.6
1763123219.1913319,Import,11000,95,Export,10000,ANOMALİ (Import/Export Çakışması - 1.6 Tespiti),anomaly,1.6
1763123221.1920087,Import,11000,95,Export,10000,ANOMALİ (Import/Export Çakışması - 1.6 Tespiti),anomaly,1.6
1763123223.1932943,Import,11000,95,Export,10000,ANOMALİ (Import/Export Çakışması - 1.6 Tespiti),anomaly,1.6
1763123225.1998916,Import,11000,95,Export,10000,ANOMALİ (Import/Export Çakışması - 1.6 Tespiti),anomaly,1.6
1763123227.202237,Import,11000,95,Export,10000,ANOMALİ (Import/Export Çakışması - 1.6 Tespiti),anomaly,1.6
1763123229.2034004,Import,11000,95,Export,10000,ANOMALİ (Import/Export Çakışması - 1.6 Tespiti),anomaly,1.6
1763123231.204363,Import,11000,95,Export,10000,ANOMALİ (Import/Export Çakışması - 1.6 Tespiti),anomaly,1.6
1763123233.227512,Import,11000,95,Export,10000,ANOMALİ (Import/Export Çakışması - 1.6 Tespiti),anomaly,1.6
1763123235.2288659,Import,11000,95,Export,10000,ANOMALİ (Import/Export Çakışması - 1.6 Tespiti),anomaly,1.6
1763123237.2293096,Import,11000,95,Export,10000,ANOMALİ (Import/Export Çakışması - 1.6 Tespiti),anomaly,1.6
1763123239.2303486,Import,11000,95,Export,10000,ANOMALİ (Import/Export Çakışması - 1.6 Tespiti),anomaly,1.6
1763123241.23178,Import,11000,95,Export,10000,ANOMALİ (Import/Export Çakışması - 1.6 Tespiti),anomaly,1.6
1763123243.2330701,Import,11000,95,Export,10000,ANOMALİ (Import/Export Çakışması - 1.6 Tespiti),anomaly,1.6
1763123245.2344089,Import,11000,95,Export,10000,ANOMALİ (Import/Export Çakışması - 1.6 Tespiti),anomaly,1.6
1763123247.236001,Import,11000,95,Export,10000,ANOMALİ (Import/Export Çakışması - 1.6 Tespiti),anomaly,1.6
1763123249.238617,Import,11000,95,Export,10000,ANOMALİ (Import/Export Çakışması - 1.6 Tespiti),anomaly,1.6
1763123251.2399573,Import,11000,95,Export,10000,ANOMALİ (Import/Export Çakışması - 1.6 Tespiti),anomaly,1.6
1763123253.2422705,Import,11000,95,Export,10000,ANOMALİ (Import/Export Çakışması - 1.6 Tespiti),anomaly,1.6
1763123255.244112,Import,11000,95,Export,10000,ANOMALİ (Import/Export Çakışması - 1.6 Tespiti),anomaly,1.6
1763123257.245476,Import,11000,95,Export,10000,ANOMALİ (Import/Export Çakışması - 1.6 Tespiti),anomaly,1.6
1763123259.2467926,Import,11000,95,Export,10000,ANOMALİ (Import/Export Çakışması - 1.6 Tespiti),anomaly,1.6
1763123261.2474113,Import,11000,95,Export,10000,ANOMALİ (Import/Export Çakışması - 1.6 Tespiti),anomaly,1.6
1763123263.2488809,Import,11000,95,Export,10000,ANOMALİ (Import/Export Çakışması - 1.6 Tespiti),anomaly,1.6
1763123265.250204,Import,11000,95,Export,10000,ANOMALİ (Import/Export Çakışması - 1.6 Tespiti),anomaly,1.6
1763123267.260566,Import,11000,95,Export,10000,ANOMALİ (Import/Export Çakışması - 1.6 Tespiti),anomaly,1.6
1763123269.2682905,Import,11000,95,Export,10000,ANOMALİ (Import/Export Çakışması - 1.6 Tespiti),anomaly,1.6
1763123271.2701588,Import,11000,95,Export,10000,ANOMALİ (Import/Export Çakışması - 1.6 Tespiti),anomaly,1.6
1763123273.2720084,Import,11000,95,Export,10000,ANOMALİ (Import/Export Çakışması - 1.6 Tespiti),anomaly,1.6
1763123275.271782,Import,11000,95,Export,10000,ANOMALİ (Import/Export Çakışması - 1.6 Tespiti),anomaly,1.6
1763123277.2765913,Import,11000,95,Export,10000,ANOMALİ (Import/Export Çakışması - 1.6 Tespiti),anomaly,1.6
1763123279.28184,Import,11000,95,Export,10000,ANOMALİ (Import/Export Çakışması - 1.6 Tespiti),anomaly,1.6
1763123281.278562,Import,11000,95,Export,10000,ANOMALİ (Import/Export Çakışması - 1.6 Tespiti),anomaly,1.6
1763123283.281461,Import,11000,95,Export,10000,ANOMALİ (Import/Export Çakışması - 1.6 Tespiti),anomaly,1.6
1763123285.2806103,Import,11000,95,Export,10000,ANOMALİ (Import/Export Çakışması - 1.6 Tespiti),anomaly,1.6
1763123287.2850025,Import,11000,95,Export,10000,ANOMALİ (Import/Export Çakışması - 1.6 Tespiti),anomaly,1.6
1763123289.2881103,Import,11000,95,Export,10000,ANOMALİ (Import/Export Çakışması - 1.6 Tespiti),anomaly,1.6
1763123291.2894378,Import,11000,95,Export,10000,ANOMALİ (Import/Export Çakışması - 1.6 Tespiti),anomaly,1.6
1763123293.2905004,Import,11000,95,Export,10000,ANOMALİ (Import/Export Çakışması - 1.6 Tespiti),anomaly,1.6
1763123295.2914097,Import,11000,95,Export,10000,ANOMALİ (Import/Export Çakışması - 1.6 Tespiti),anomaly,1.6
1763123297.2930245,Import,11000,95,Export,10000,ANOMALİ (Import/Export Çakışması - 1.6 Tespiti),anomaly,1.6
1763123299.294454,Import,11000,95,Export,10000,ANOMALİ (Import/Export Çakışması - 1.6 Tespiti),anomaly,1.6
